{
  "risk": {
    "max_position_usd": 1000.0,
    "max_daily_loss_usd": 200.0,
    "kill_switch_enabled": true,
    "reduce_only_on_trip": true,
    "orphan_timeout_ms": 1200,
    "max_orphan_notional_usd": 50.0,
    "quotes_only": false
  },
  "execution": {
    "default_tif": "GTC",
    "max_retries": 3,
    "retry_backoff_ms": [
      50,
      100,
      250
    ],
    "cancel_on_fail": true,
    "cof_cancel_on_disconnect": true,
    "reduce_only_on_trip": true
  },
  "sor": {
    "min_edge_bps": 1.5,
    "latency_weight": 0.3,
    "fee_weight": 0.4,
    "slip_weight": 0.3
  },
  "ws_quality_gate": {
    "max_seq_gap": 2,
    "max_stale_ms": 800,
    "require_fresh_snapshot": true,
    "block_new_on_gap": true
  }
}