{
  "binance": {
    "BAD_TICK_SIZE": [
      "-1013"
    ],
    "INSUFFICIENT_BALANCE": [
      "-2010",
      "-2013"
    ],
    "RATE_LIMIT": [
      "-1003"
    ],
    "NONCE_DESYNC": [
      "-1021"
    ],
    "INVALID_SIGNATURE": [
      "-1022"
    ]
  },
  "okx": {
    "BAD_TICK_SIZE": [
      "51010"
    ],
    "INSUFFICIENT_BALANCE": [
      "51031"
    ],
    "RATE_LIMIT": [
      "51400",
      "51603"
    ],
    "NONCE_DESYNC": [
      "51402"
    ],
    "INVALID_SIGNATURE": [
      "50113"
    ]
  },
  "bybit": {
    "BAD_TICK_SIZE": [
      "10001"
    ],
    "INSUFFICIENT_BALANCE": [
      "110001"
    ],
    "RATE_LIMIT": [
      "10006",
      "10016"
    ],
    "NONCE_DESYNC": [
      "10002"
    ],
    "INVALID_SIGNATURE": [
      "10004"
    ]
  }
}
