{
  "triangular": {
    "enabled": true,
    "min_profit_percentage": 0.08,
    "max_position_size": 500.0,
    "symbols": [
      "BTC/USDT",
      "ETH/USDT",
      "ETH/BTC"
    ],
    "scan_interval_ms": 300,
    "max_slippage_percentage": 0.25,
    "min_liquidity_usd": 10000.0,
    "max_exposure_usd": 2000.0,
    "ml_filter": true,
    "min_ml_confidence": 0.6,
    "use_smart_routing": true
  },
  "cash_and_carry": {
    "enabled": true,
    "min_profit_percentage": 0.1,
    "max_position_size": 500.0,
    "symbols": [
      "BTC/USDT"
    ],
    "scan_interval_ms": 1000,
    "max_slippage_percentage": 0.2,
    "min_liquidity_usd": 20000.0,
    "max_exposure_usd": 3000.0,
    "ml_filter": true,
    "min_ml_confidence": 0.6,
    "use_smart_routing": true
  },
  "spot": {
    "enabled": true,
    "min_profit_percentage": 0.05,
    "max_position_size": 300.0,
    "symbols": [
      "BTC/USDT",
      "ETH/USDT"
    ],
    "scan_interval_ms": 400,
    "max_slippage_percentage": 0.25,
    "min_liquidity_usd": 8000.0,
    "max_exposure_usd": 1500.0,
    "ml_filter": true,
    "min_ml_confidence": 0.55,
    "use_smart_routing": true
  },
  "spread_scalping": {
    "enabled": true,
    "min_profit_percentage": 0.03,
    "max_position_size": 200.0,
    "symbols": [
      "BTC/USDT"
    ],
    "scan_interval_ms": 250,
    "max_slippage_percentage": 0.2,
    "min_liquidity_usd": 12000.0,
    "max_exposure_usd": 1500.0,
    "ml_filter": false,
    "min_ml_confidence": 0.0,
    "use_smart_routing": true
  },
  "cross_exchange": {
    "enabled": true,
    "min_profit_percentage": 0.09,
    "max_position_size": 400.0,
    "symbols": [
      "BTC/USDT"
    ],
    "scan_interval_ms": 350,
    "max_slippage_percentage": 0.25,
    "min_liquidity_usd": 15000.0,
    "max_exposure_usd": 2500.0,
    "ml_filter": true,
    "min_ml_confidence": 0.6,
    "use_smart_routing": true
  },
  "synthetic": {
    "enabled": true,
    "min_profit_percentage": 0.07,
    "max_position_size": 300.0,
    "symbols": [
      "BTC/USD",
      "BTC/USDT",
      "USDT/USD"
    ],
    "scan_interval_ms": 400,
    "max_slippage_percentage": 0.25,
    "min_liquidity_usd": 10000.0,
    "max_exposure_usd": 2000.0,
    "ml_filter": true,
    "min_ml_confidence": 0.6,
    "use_smart_routing": true
  },
  "stable_spread": {
    "enabled": true,
    "min_profit_percentage": 0.02,
    "max_position_size": 1000.0,
    "symbols": [
      "USDT/USD",
      "USDC/USD"
    ],
    "scan_interval_ms": 600,
    "max_slippage_percentage": 0.1,
    "min_liquidity_usd": 30000.0,
    "max_exposure_usd": 5000.0,
    "ml_filter": false,
    "min_ml_confidence": 0.0,
    "use_smart_routing": true
  },
  "volatility_rebalance": {
    "enabled": true,
    "min_profit_percentage": 0.06,
    "max_position_size": 300.0,
    "symbols": [
      "BTC/USDT",
      "ETH/USDT"
    ],
    "scan_interval_ms": 1000,
    "max_slippage_percentage": 0.3,
    "min_liquidity_usd": 10000.0,
    "max_exposure_usd": 2000.0,
    "ml_filter": true,
    "min_ml_confidence": 0.6,
    "use_smart_routing": true
  },
  "strategies": [
    {
      "name": "stable_spread_arb",
      "enabled": true,
      "category": "stable",
      "params": {}
    },
    {
      "name": "cash_and_carry",
      "enabled": true,
      "category": "stable",
      "params": {}
    },
    {
      "name": "spot_arbitrage",
      "enabled": true,
      "category": "aggressive",
      "params": {}
    },
    {
      "name": "spread_scalping",
      "enabled": true,
      "category": "aggressive",
      "params": {}
    },
    {
      "name": "cross_exchange_arb",
      "enabled": true,
      "category": "aggressive",
      "params": {}
    },
    {
      "name": "triangular_arb",
      "enabled": true,
      "category": "aggressive",
      "params": {}
    },
    {
      "name": "synthetic_arb",
      "enabled": true,
      "category": "aggressive",
      "params": {}
    },
    {
      "name": "volatility_rebalance",
      "enabled": true,
      "category": "aggressive",
      "params": {}
    }
  ]
}