{
  "system": {
    "rust_port": 8080,
    "grpc_port": 50051,
    "rust_metrics_port": 9091,
    "python_port": 8000,
    "heartbeat_interval_sec": 10,
    "reconnect_timeout_sec": 5,
    "log_level": "info",
    "enable_tao": true,
    "enable_ml": true,
    "data_directory": "data",
    "max_threads": 8,
    "execution_timeout_sec": 5,
    "max_retry_attempts": 3,
    "use_grpc": true,
    "distributed_tracing": false,
    "live_trading": false,
    "allocation": {
      "stable": 0.2,
      "aggressive": 0.8
    }
  },
  "services": {
    "rust_core": {
      "grpc_port": 8080,
      "metrics_port": 9095,
      "name": "rust-core"
    },
    "python_app": {
      "http_port": 8081,
      "name": "python-app"
    }
  },
  "features": {
    "hard_kill_on_violation": false,
    "dry_run": false
  }
}