{
  "annotations": {
    "list": []
  },
  "panels": [
    {
      "type": "stat",
      "title": "Orders Submitted",
      "targets": [
        {
          "expr": "orders_submitted_total"
        }
      ]
    },
    {
      "type": "graph",
      "title": "Order Roundtrip (s)",
      "targets": [
        {
          "expr": "histogram_quantile(0.95, sum(rate(order_roundtrip_seconds_bucket[5m])) by (le))"
        }
      ]
    },
    {
      "type": "stat",
      "title": "Python Orders Sent",
      "targets": [
        {
          "expr": "py_orders_sent_total"
        }
      ]
    }
  ],
  "title": "Agro Arbitrage Overview",
  "schemaVersion": 39,
  "version": 1
}