{
  "title": "Arbitrage Overview",
  "panels": [
    {
      "type": "graph",
      "title": "Order Latency",
      "targets": [
        {
          "expr": "histogram_quantile(0.95, sum(rate(order_latency_bucket[5m])) by (le))"
        }
      ]
    },
    {
      "type": "graph",
      "title": "Reject Rate",
      "targets": [
        {
          "expr": "rate(execution_reject_total[5m])"
        }
      ]
    },
    {
      "type": "graph",
      "title": "Signals",
      "targets": [
        {
          "expr": "rate(signals_total[5m])"
        }
      ]
    },
    {
      "type": "graph",
      "title": "Fills",
      "targets": [
        {
          "expr": "rate(fills_total[5m])"
        }
      ]
    }
  ],
  "schemaVersion": 30
}