{
  "title": "Agro Arbitrage \u2014 Strategies Overview",
  "panels": [
    {
      "type": "graph",
      "title": "Signals",
      "targets": [
        {
          "expr": "sum by (strategy) (agro_signals_total)"
        }
      ]
    },
    {
      "type": "graph",
      "title": "Fills",
      "targets": [
        {
          "expr": "sum by (strategy) (agro_fills_total)"
        }
      ]
    },
    {
      "type": "graph",
      "title": "Loop Latency",
      "targets": [
        {
          "expr": "histogram_quantile(0.95, sum(rate(agro_loop_latency_seconds_bucket[5m])) by (le))"
        }
      ]
    }
  ],
  "schemaVersion": 27
}