{
  "title": "Agro \u2014 WS Gaps & Health",
  "panels": [
    {
      "type": "stat",
      "title": "Loop p95",
      "targets": [
        {
          "expr": "histogram_quantile(0.95, sum(rate(agro_loop_latency_seconds_bucket[5m])) by (le))"
        }
      ]
    },
    {
      "type": "graph",
      "title": "Signals 5m",
      "targets": [
        {
          "expr": "sum(increase(agro_signals_total[5m])) by (strategy)"
        }
      ]
    },
    {
      "type": "graph",
      "title": "Fills 30m",
      "targets": [
        {
          "expr": "sum(increase(agro_fills_total[30m])) by (strategy)"
        }
      ]
    }
  ],
  "schemaVersion": 27
}