[
  {
    "type": "conflict_replaced_with_upgrade",
    "file": "prometheus.yml",
    "backup": "prometheus.yml.orig"
  },
  {
    "type": "added_from_upgrade",
    "file": ".pre-commit-config.yaml"
  },
  {
    "type": "added_from_upgrade",
    "file": "ruff.toml"
  },
  {
    "type": "added_from_upgrade",
    "file": "mypy.ini"
  },
  {
    "type": "added_from_upgrade",
    "file": "README_UPGRADE_9_5.md"
  },
  {
    "type": "conflict_replaced_with_upgrade",
    "file": ".github/workflows/ci.yml",
    "backup": ".github/workflows/ci.yml.orig"
  },
  {
    "type": "added_from_upgrade",
    "file": "configs/prometheus/alerts.yml"
  },
  {
    "type": "added_from_upgrade",
    "file": "python_app/common/logging_json.py"
  },
  {
    "type": "added_from_upgrade",
    "file": "python_app/common/config_validator.py"
  },
  {
    "type": "added_from_upgrade",
    "file": "python_app/recovery/order_store.py"
  },
  {
    "type": "added_from_upgrade",
    "file": "python_app/recovery/reconciler.py"
  },
  {
    "type": "added_from_upgrade",
    "file": "rust_core/src/logging.rs"
  },
  {
    "type": "added_from_upgrade",
    "file": "rust_core/src/order/recovery.rs"
  },
  {
    "type": "added_from_upgrade",
    "file": "scripts/setup_precommit.sh"
  },
  {
    "type": "added_from_upgrade",
    "file": "infra/grafana/dashboards/arbitrage_overview.json"
  }
]