{
  "annotations": {
    "list": []
  },
  "editable": true,
  "gnetId": null,
  "graphTooltip": 0,
  "panels": [
    {
      "type": "stat",
      "title": "Orders Submitted",
      "targets": [
        {
          "expr": "orders_submitted_total"
        }
      ]
    },
    {
      "type": "stat",
      "title": "Order Roundtrip (p95)",
      "targets": [
        {
          "expr": "histogram_quantile(0.95, sum(rate(order_roundtrip_seconds_bucket[5m])) by (le))"
        }
      ]
    },
    {
      "type": "stat",
      "title": "PnL",
      "targets": [
        {
          "expr": "agro_pnl_total"
        }
      ]
    },
    {
      "type": "stat",
      "title": "VaR (fraction)",
      "targets": [
        {
          "expr": "agro_var"
        }
      ]
    },
    {
      "type": "stat",
      "title": "ES (fraction)",
      "targets": [
        {
          "expr": "agro_es"
        }
      ]
    },
    {
      "type": "stat",
      "title": "Feature Drift",
      "targets": [
        {
          "expr": "agro_feature_drift"
        }
      ]
    },
    {
      "type": "stat",
      "title": "Stress Loss",
      "targets": [
        {
          "expr": "agro_stress_loss"
        }
      ]
    },
    {
      "type": "stat",
      "title": "Trading Halt",
      "targets": [
        {
          "expr": "agro_trading_halt"
        }
      ]
    }
  ],
  "schemaVersion": 39,
  "version": 1,
  "title": "AGRO Overview"
}