{
  "title": "Arbitrage Overview",
  "panels": [
    { "type": "graph", "title": "Opportunities (5m)", "targets": [{"expr":"increase(opportunities_total[5m])"}] },
    { "type": "graph", "title": "Executions Success", "targets": [{"expr":"executions_total{status="success"}"}] },
    { "type": "graph", "title": "Executions Fail", "targets": [{"expr":"executions_total{status="fail"}"}] },
    { "type": "graph", "title": "Last PnL %", "targets": [{"expr":"last_pnl_pct"}] }
  ],
  "timezone": "browser",
  "version": 2
}
