{
  "title": "Agro Performance Overview",
  "panels": [
    {
      "type": "graph",
      "title": "Execution Latency p50/p95",
      "targets": [
        {
          "expr": "histogram_quantile(0.5, sum(rate(agro_execution_latency_seconds_bucket[5m])) by (le,path))"
        }
      ]
    },
    {
      "type": "graph",
      "title": "Error Rate",
      "targets": [
        {
          "expr": "sum(rate(agro_error_total[5m])) by (component)"
        }
      ]
    },
    {
      "type": "graph",
      "title": "OB Staleness",
      "targets": [
        {
          "expr": "avg(agro_ob_staleness_ms) by (exchange)"
        }
      ]
    },
    {
      "type": "graph",
      "title": "Fee Spike",
      "targets": [
        {
          "expr": "max(agro_fee_spike) by (exchange)"
        }
      ]
    }
  ]
}