{
  "title": "AGRO Execution",
  "panels": [
    {
      "type": "timeseries",
      "title": "ACK latency p99 (ms)",
      "targets": [
        {
          "expr": "histogram_quantile(0.99, sum by (le, venue) (rate(order_ack_latency_ms_bucket[1m])))"
        }
      ],
      "fieldConfig": {
        "defaults": {
          "unit": "ms"
        }
      }
    },
    {
      "type": "timeseries",
      "title": "Rejects rate",
      "targets": [
        {
          "expr": "sum by (venue) (rate(order_reject_total[1m]))"
        }
      ]
    },
    {
      "type": "timeseries",
      "title": "Order backlog",
      "targets": [
        {
          "expr": "sum by (venue, symbol) (order_backlog)"
        }
      ]
    },
    {
      "type": "timeseries",
      "title": "Retries rate",
      "targets": [
        {
          "expr": "sum by (venue) (rate(order_retry_total[1m]))"
        }
      ]
    },
    {
      "type": "stat",
      "title": "Kill-switch (5m)",
      "targets": [
        {
          "expr": "increase(risk_kill_switch_total[5m])"
        }
      ]
    }
  ],
  "schemaVersion": 39,
  "style": "dark",
  "editable": true
}